{"_type":"export","__export_format":4,"__export_date":"2020-11-09T16:37:27.953Z","__export_source":"insomnia.desktop.app:v2020.4.2","resources":[{"_id":"req_860e9fb811594077801f32343f6c933d","parentId":"fld_621af187ff5944beb48657523b4dee1e","modified":1604500015973,"created":1604500003440,"url":"http://localhost:5000/api/login","name":"login","description":"","method":"POST","body":{"mimeType":"application/json","text":"{\n  \"username\": \"Henry\", \n\t\"password\": \"henry12345\"\n}"},"parameters":[],"headers":[{"name":"Content-Type","value":"application/json","id":"pair_944f3986ddcc4917839db49ead1fd493"}],"authentication":{},"metaSortKey":-1604500003440,"isPrivate":false,"settingStoreCookies":true,"settingSendCookies":true,"settingDisableRenderRequestBody":false,"settingEncodeUrl":true,"settingRebuildPath":true,"settingFollowRedirects":"global","_type":"request"},{"_id":"fld_621af187ff5944beb48657523b4dee1e","parentId":"wrk_7eefca0f0aca4987a05114458549596a","modified":1604499740898,"created":1604499740898,"name":"authRoutes","description":"","environment":{},"environmentPropertyOrder":null,"metaSortKey":-1604499740898,"_type":"request_group"},{"_id":"wrk_7eefca0f0aca4987a05114458549596a","parentId":null,"modified":1604424940616,"created":1604424940616,"name":"Dogfriends","description":"","scope":null,"_type":"workspace"},{"_id":"req_08122a7c34bb4748b6e735843d71c534","parentId":"fld_cba6c8a11f3742b9a8de9442e0fd5d07","modified":1604598710262,"created":1604587541109,"url":"http://localhost:5000/api/photos","name":"add a new photo","description":"","method":"POST","body":{"mimeType":"application/json","text":"{\n\t\"url\": \"https://images.unsplash.com/photo-1604519583486-506f113ed35b?ixlib=rb-1.2.1&ixid=eyJhcHBfaWQiOjEyMDd9&auto=format&fit=crop&w=500&q=60\",\n\t\"username\": \"Henry\",\n\t\"_token\": \"eyJhbGciOiJIUzI1NiIsInR5cCI6IkpXVCJ9.eyJ1c2VybmFtZSI6IkhlbnJ5IiwiaXNfYWRtaW4iOmZhbHNlLCJpYXQiOjE2MDQ0NDc5MzN9.OOB9i6dXcA6-uiOETxnMyMkjIqKuY_l6F9-YnJuZt50\" \n}"},"parameters":[],"headers":[{"name":"Content-Type","value":"application/json","id":"pair_0bccdae4edad4c79b355f7d745d14d8f"}],"authentication":{},"metaSortKey":-1604587559559,"isPrivate":false,"settingStoreCookies":true,"settingSendCookies":true,"settingDisableRenderRequestBody":false,"settingEncodeUrl":true,"settingRebuildPath":true,"settingFollowRedirects":"global","_type":"request"},{"_id":"fld_cba6c8a11f3742b9a8de9442e0fd5d07","parentId":"wrk_7eefca0f0aca4987a05114458549596a","modified":1604499730929,"created":1604499730929,"name":"photosRoutes","description":"","environment":{},"environmentPropertyOrder":null,"metaSortKey":-1604499730929,"_type":"request_group"},{"_id":"req_5631781b6c4046a591c81fc2aaf0da26","parentId":"fld_cba6c8a11f3742b9a8de9442e0fd5d07","modified":1604935966168,"created":1604587482245,"url":"http://localhost:5000/api/photos/cdc21cb7-5a47-4ab9-8399-1568a25bfacd","name":"get photo by id","description":"","method":"GET","body":{},"parameters":[],"headers":[],"authentication":{},"metaSortKey":-1604587559534,"isPrivate":false,"settingStoreCookies":true,"settingSendCookies":true,"settingDisableRenderRequestBody":false,"settingEncodeUrl":true,"settingRebuildPath":true,"settingFollowRedirects":"global","_type":"request"},{"_id":"req_58dbf1be8e1e4569bd99ce2ced4ade23","parentId":"fld_cba6c8a11f3742b9a8de9442e0fd5d07","modified":1604598873547,"created":1604587559509,"url":"http://localhost:5000/api/photos/d3bc5e61-3b6f-408a-9d36-a1c0a8d0dada","name":"delete photo","description":"","method":"DELETE","body":{"mimeType":"application/json","text":"{\n\t\"username\": \"Henry\",\n\t\"_token\": \"eyJhbGciOiJIUzI1NiIsInR5cCI6IkpXVCJ9.eyJ1c2VybmFtZSI6IkhlbnJ5IiwiaXNfYWRtaW4iOmZhbHNlLCJpYXQiOjE2MDQ0NDc5MzN9.OOB9i6dXcA6-uiOETxnMyMkjIqKuY_l6F9-YnJuZt50\" \n}"},"parameters":[],"headers":[{"name":"Content-Type","value":"application/json","id":"pair_0383271aff0c4d4fb38e48433f8fdf57"}],"authentication":{},"metaSortKey":-1604587559509,"isPrivate":false,"settingStoreCookies":true,"settingSendCookies":true,"settingDisableRenderRequestBody":false,"settingEncodeUrl":true,"settingRebuildPath":true,"settingFollowRedirects":"global","_type":"request"},{"_id":"req_2917a3ab91564df2913a813cfbed7de6","parentId":"fld_1f5643fade0240ecb331f1830d357f5f","modified":1604934131733,"created":1604500051248,"url":"http://localhost:5000/api/users","name":"signup","description":"","method":"POST","body":{"mimeType":"application/json","text":"{\n\t\"username\": \"Henry\", \n\t\"password\": \"henry12345\", \n\t\"first_name\": \"Henry\", \n\t\"last_name\": \"Henry\", \n\t\"email\": \"henry@henry.com\",\n\t\"photo_url\": \"https://images.unsplash.com/photo-1501196354995-cbb51c65aaea?ixlib=rb-1.2.1&ixid=eyJhcHBfaWQiOjEyMDd9&auto=format&fit=crop&w=500&q=60\", \n\t\"admin\": false,\n\t\"city\": \"Olympia\",\n\t\"state\": \"WA\",\n\t\"country\": \"USA\"\n}"},"parameters":[],"headers":[{"name":"Content-Type","value":"application/json","id":"pair_2a35b729fb284862a80e5760959ddec1"}],"authentication":{},"metaSortKey":-1604500433786,"isPrivate":false,"settingStoreCookies":true,"settingSendCookies":true,"settingDisableRenderRequestBody":false,"settingEncodeUrl":true,"settingRebuildPath":true,"settingFollowRedirects":"global","_type":"request"},{"_id":"fld_1f5643fade0240ecb331f1830d357f5f","parentId":"wrk_7eefca0f0aca4987a05114458549596a","modified":1604499719114,"created":1604499719114,"name":"usersRoutes","description":"","environment":{},"environmentPropertyOrder":null,"metaSortKey":-1604499719114,"_type":"request_group"},{"_id":"req_302ded82aa0a4fb6b1d748f38c68eb9f","parentId":"fld_1f5643fade0240ecb331f1830d357f5f","modified":1604594974838,"created":1604500284400,"url":"http://localhost:5000/api/users","name":"get users","description":"","method":"GET","body":{"mimeType":"application/json","text":"{\n  \"_token\": \"eyJhbGciOiJIUzI1NiIsInR5cCI6IkpXVCJ9.eyJ1c2VybmFtZSI6IkhlbnJ5IiwiaXNfYWRtaW4iOmZhbHNlLCJpYXQiOjE2MDQ0MjYyNzd9.eKWWxLKl5HN9mP5OUHuCLKiVHCKNL5gXoLUudtqmT3Y\"\n}"},"parameters":[],"headers":[{"name":"Content-Type","value":"application/json","id":"pair_813383f124454fe8abac65e8f2485c8d"}],"authentication":{},"metaSortKey":-1604500433761,"isPrivate":false,"settingStoreCookies":true,"settingSendCookies":true,"settingDisableRenderRequestBody":false,"settingEncodeUrl":true,"settingRebuildPath":true,"settingFollowRedirects":"global","_type":"request"},{"_id":"req_03b2a87dd08a4732ac48c9b555cd07a6","parentId":"fld_1f5643fade0240ecb331f1830d357f5f","modified":1604594977070,"created":1604500337712,"url":"http://localhost:5000/api/users/HENRY","name":"get by username","description":"","method":"GET","body":{"mimeType":"application/json","text":"{\n  \"_token\": \"eyJhbGciOiJIUzI1NiIsInR5cCI6IkpXVCJ9.eyJ1c2VybmFtZSI6IkhlbnJ5IiwiaXNfYWRtaW4iOmZhbHNlLCJpYXQiOjE2MDQ0MjYyNzd9.eKWWxLKl5HN9mP5OUHuCLKiVHCKNL5gXoLUudtqmT3Y\"\n}"},"parameters":[],"headers":[{"name":"Content-Type","value":"application/json","id":"pair_5363c33bce734f40bf31cfe2ea1461ad"}],"authentication":{},"metaSortKey":-1604500433748.5,"isPrivate":false,"settingStoreCookies":true,"settingSendCookies":true,"settingDisableRenderRequestBody":false,"settingEncodeUrl":true,"settingRebuildPath":true,"settingFollowRedirects":"global","_type":"request"},{"_id":"req_1fdb26cf83fb4ac3af975fea1687460f","parentId":"fld_1f5643fade0240ecb331f1830d357f5f","modified":1604781506582,"created":1604500390851,"url":"http://localhost:5000/api/users/HEnry","name":"update user","description":"","method":"PATCH","body":{"mimeType":"application/json","text":"{\n\t\"_token\": \"eyJhbGciOiJIUzI1NiIsInR5cCI6IkpXVCJ9.eyJ1c2VybmFtZSI6IkhlbnJ5IiwiaXNfYWRtaW4iOmZhbHNlLCJpYXQiOjE2MDQ0MjYyNzd9.eKWWxLKl5HN9mP5OUHuCLKiVHCKNL5gXoLUudtqmT3Y\",\n\t\"username\": \"Henry\",\n\t\"password\": \"henry12345\", \n\t\"first_name\": \"Henry\", \n\t\"last_name\": \"Henry\", \n\t\"email\": \"henry@henry.com\", \n\t\"city\": \"Salem\",\n\t\"state\": \"OR\",\n\t\"country\": \"USA\"\n}"},"parameters":[],"headers":[{"name":"Content-Type","value":"application/json","id":"pair_5e546d66b53a443983acb978b4fb60b1"}],"authentication":{},"metaSortKey":-1604500433742.25,"isPrivate":false,"settingStoreCookies":true,"settingSendCookies":true,"settingDisableRenderRequestBody":false,"settingEncodeUrl":true,"settingRebuildPath":true,"settingFollowRedirects":"global","_type":"request"},{"_id":"req_87d45a723f574f659176700f119da76e","parentId":"fld_1f5643fade0240ecb331f1830d357f5f","modified":1604500452685,"created":1604500433736,"url":"http://localhost:5000/api/users/HEnry","name":"delete user","description":"","method":"DELETE","body":{"mimeType":"application/json","text":"{\n\t\"_token\": \"eyJhbGciOiJIUzI1NiIsInR5cCI6IkpXVCJ9.eyJ1c2VybmFtZSI6IkhlbnJ5IiwiaXNfYWRtaW4iOmZhbHNlLCJpYXQiOjE2MDQ0MjYyNzd9.eKWWxLKl5HN9mP5OUHuCLKiVHCKNL5gXoLUudtqmT3Y\",\n\t\"username\": \"Henry\"\n}"},"parameters":[],"headers":[{"name":"Content-Type","value":"application/json","id":"pair_4b046ae22164471eb133b9625cd3d1e1"}],"authentication":{},"metaSortKey":-1604500433736,"isPrivate":false,"settingStoreCookies":true,"settingSendCookies":true,"settingDisableRenderRequestBody":false,"settingEncodeUrl":true,"settingRebuildPath":true,"settingFollowRedirects":"global","_type":"request"},{"_id":"req_12ac0c171847486c898b73272a8682b6","parentId":"fld_e59c53c96f1d4c57ad310ccca7b976d9","modified":1604938400367,"created":1604937992617,"url":"http://localhost:5000/api/posts","name":"reply (add new post) - add a reply to a post","description":"","method":"POST","body":{"mimeType":"application/json","text":"{\n\t\"title\": \"2nd post\", \n\t\"body\": \"this is the 2nd post\", \n\t\"parent_id\": \"82a109f2-9554-4787-93fa-d5641610d3de\",\n\t\"photo_id\": null,\n\t\"_token\": \"eyJhbGciOiJIUzI1NiIsInR5cCI6IkpXVCJ9.eyJ1c2VybmFtZSI6IkhlbnJ5IiwiaXNfYWRtaW4iOmZhbHNlLCJpYXQiOjE2MDQ0NDc5MzN9.OOB9i6dXcA6-uiOETxnMyMkjIqKuY_l6F9-YnJuZt50\"\n}"},"parameters":[],"headers":[{"name":"Content-Type","value":"application/json","id":"pair_a5e470ec7cf549adae269bad3e06db39"}],"authentication":{},"metaSortKey":-1604937992617,"isPrivate":false,"settingStoreCookies":true,"settingSendCookies":true,"settingDisableRenderRequestBody":false,"settingEncodeUrl":true,"settingRebuildPath":true,"settingFollowRedirects":"global","_type":"request"},{"_id":"fld_e59c53c96f1d4c57ad310ccca7b976d9","parentId":"wrk_7eefca0f0aca4987a05114458549596a","modified":1604499704073,"created":1604499704073,"name":"postsRoutes","description":"","environment":{},"environmentPropertyOrder":null,"metaSortKey":-1604499704073,"_type":"request_group"},{"_id":"req_3c7c888d525a49db9105f461cb476a98","parentId":"fld_e59c53c96f1d4c57ad310ccca7b976d9","modified":1604938366167,"created":1604499921503,"url":"http://localhost:5000/api/posts","name":"add new post","description":"","method":"POST","body":{"mimeType":"application/json","text":"{\n\t\"title\": \"first post\", \n\t\"body\": \"this is the first post\", \n\t\"parent_id\": null,\n\t\"photo_id\": null,\n\t\"_token\": \"eyJhbGciOiJIUzI1NiIsInR5cCI6IkpXVCJ9.eyJ1c2VybmFtZSI6IkhlbnJ5IiwiaXNfYWRtaW4iOmZhbHNlLCJpYXQiOjE2MDQ0NDc5MzN9.OOB9i6dXcA6-uiOETxnMyMkjIqKuY_l6F9-YnJuZt50\"\n}"},"parameters":[],"headers":[{"name":"Content-Type","value":"application/json","id":"pair_096af67997df4471861e46b3d2652b95"}],"authentication":{},"metaSortKey":-1604587110565,"isPrivate":false,"settingStoreCookies":true,"settingSendCookies":true,"settingDisableRenderRequestBody":false,"settingEncodeUrl":true,"settingRebuildPath":true,"settingFollowRedirects":"global","_type":"request"},{"_id":"req_4b01dc61e5e346a493b6f60ca5adfecf","parentId":"fld_e59c53c96f1d4c57ad310ccca7b976d9","modified":1604937460488,"created":1604501380057,"url":"http://localhost:5000/api/posts/df0a0264-3fa5-4ffc-a798-22ec721eea59/vote/down","name":"vote (update vote count up/down)","description":"","method":"POST","body":{"mimeType":"application/json","text":"{\n\t\"_token\": \"eyJhbGciOiJIUzI1NiIsInR5cCI6IkpXVCJ9.eyJ1c2VybmFtZSI6IkhlbnJ5IiwiaXNfYWRtaW4iOmZhbHNlLCJpYXQiOjE2MDQ0NDc5MzN9.OOB9i6dXcA6-uiOETxnMyMkjIqKuY_l6F9-YnJuZt50\"\n}"},"parameters":[],"headers":[{"name":"Content-Type","value":"application/json","id":"pair_1705ba0778a64d2f8b5b30ea3c159a5a"}],"authentication":{},"metaSortKey":-1604587110540,"isPrivate":false,"settingStoreCookies":true,"settingSendCookies":true,"settingDisableRenderRequestBody":false,"settingEncodeUrl":true,"settingRebuildPath":true,"settingFollowRedirects":"global","_type":"request"},{"_id":"req_8ed5e4ed3b5d4955a1150e573ef2a350","parentId":"fld_e59c53c96f1d4c57ad310ccca7b976d9","modified":1604594959017,"created":1604499810230,"url":"http://localhost:5000/api/posts","name":"get posts (get all posts)","description":"","method":"GET","body":{},"parameters":[],"headers":[],"authentication":{},"metaSortKey":-1604587110533.75,"isPrivate":false,"settingStoreCookies":true,"settingSendCookies":true,"settingDisableRenderRequestBody":false,"settingEncodeUrl":true,"settingRebuildPath":true,"settingFollowRedirects":"global","_type":"request"},{"_id":"req_ef45b05b15af4d96826399e5e8e02ce5","parentId":"fld_e59c53c96f1d4c57ad310ccca7b976d9","modified":1604939050001,"created":1604499859759,"url":"http://localhost:5000/api/posts/82a109f2-9554-4787-93fa-d5641610d3de","name":"get post by id","description":"","method":"GET","body":{},"parameters":[],"headers":[],"authentication":{},"metaSortKey":-1604587110527.5,"isPrivate":false,"settingStoreCookies":true,"settingSendCookies":true,"settingDisableRenderRequestBody":false,"settingEncodeUrl":true,"settingRebuildPath":true,"settingFollowRedirects":"global","_type":"request"},{"_id":"req_3293bee01e6642a1a323ddc822c3897a","parentId":"fld_e59c53c96f1d4c57ad310ccca7b976d9","modified":1604939316422,"created":1604586131387,"url":"http://localhost:5000/api/posts/82a109f2-9554-4787-93fa-d5641610d3de","name":"update existing post","description":"","method":"PUT","body":{"mimeType":"application/json","text":"{\n\t\"title\": \"first post again\", \n\t\"body\": \"this is the first post\", \n\t\"description\": \"the first post\", \n\t\"photo_id\": null,\n\t\"username\": \"Henry\",\n\t\"_token\": \"eyJhbGciOiJIUzI1NiIsInR5cCI6IkpXVCJ9.eyJ1c2VybmFtZSI6IkhlbnJ5IiwiaXNfYWRtaW4iOmZhbHNlLCJpYXQiOjE2MDQ0NDc5MzN9.OOB9i6dXcA6-uiOETxnMyMkjIqKuY_l6F9-YnJuZt50\"\n}"},"parameters":[],"headers":[{"name":"Content-Type","value":"application/json","id":"pair_6d1ef59048fd493e8edbdc3f30e3b589"}],"authentication":{},"metaSortKey":-1604587110521.25,"isPrivate":false,"settingStoreCookies":true,"settingSendCookies":true,"settingDisableRenderRequestBody":false,"settingEncodeUrl":true,"settingRebuildPath":true,"settingFollowRedirects":"global","_type":"request"},{"_id":"req_2f729a7f1c184215b68749fc1222d7f6","parentId":"fld_e59c53c96f1d4c57ad310ccca7b976d9","modified":1604938344304,"created":1604587110515,"url":"http://localhost:5000/api/posts/397c06e3-e773-43ac-b3b9-c5bc605cec7a","name":"delete post","description":"","method":"DELETE","body":{"mimeType":"application/json","text":"{\n\t\"username\": \"Henry\",\n\t\"_token\": \"eyJhbGciOiJIUzI1NiIsInR5cCI6IkpXVCJ9.eyJ1c2VybmFtZSI6IkhlbnJ5IiwiaXNfYWRtaW4iOmZhbHNlLCJpYXQiOjE2MDQ0NDc5MzN9.OOB9i6dXcA6-uiOETxnMyMkjIqKuY_l6F9-YnJuZt50\"\n}"},"parameters":[],"headers":[{"name":"Content-Type","value":"application/json","id":"pair_faade4a96d374c7097caa1c54649e32d"}],"authentication":{},"metaSortKey":-1604587110515,"isPrivate":false,"settingStoreCookies":true,"settingSendCookies":true,"settingDisableRenderRequestBody":false,"settingEncodeUrl":true,"settingRebuildPath":true,"settingFollowRedirects":"global","_type":"request"},{"_id":"env_b3b5eb770ce3363744c5e5245e666e91934f58d2","parentId":"wrk_7eefca0f0aca4987a05114458549596a","modified":1604424940875,"created":1604424940875,"name":"Base Environment","data":{},"dataPropertyOrder":null,"color":null,"isPrivate":false,"metaSortKey":1604424940875,"_type":"environment"},{"_id":"jar_b3b5eb770ce3363744c5e5245e666e91934f58d2","parentId":"wrk_7eefca0f0aca4987a05114458549596a","modified":1604424940879,"created":1604424940879,"name":"Default Jar","cookies":[],"_type":"cookie_jar"},{"_id":"spc_02790143be894591bdbc30ae0b19fb7d","parentId":"wrk_7eefca0f0aca4987a05114458549596a","modified":1604424940629,"created":1604424940629,"fileName":"Dogfriends","contents":"","contentType":"yaml","_type":"api_spec"}]}