{
  "$id": "521ed6f9-5cfc-4704-83a9-674f629867b5",
  "type": "object",
  "additionalProperties": false,
  "properties": {
    "username": {
      "$id": "/properties/username",
      "type": "string",
      "title": "The Username Schema ",
      "minLength": 3,
      "maxLength": 55,
      "examples": ["UName"]
    },
    "password": {
      "$id": "/properties/password",
      "type": "string",
      "title": "The Password Schema ",
      "minLength": 6,
      "maxLength": 55,
      "examples": ["Name123"]
    },
    "first_name": {
      "$id": "/properties/first_name",
      "type": "string",
      "title": "The First_name Schema ",
      "minLength": 3,
      "maxLength": 55,
      "examples": ["FName"]
    },
    "last_name": {
      "$id": "/properties/last_name",
      "type": "string",
      "title": "The Last_name Schema ",
      "minLength": 3,
      "maxLength": 55,
      "examples": ["LName"]
    },
    "email": {
      "$id": "/properties/email",
      "type": "string",
      "minLength": 6,
      "maxLength": 60,
      "title": "The Email Schema ",
      "examples": ["name@name.com"]
    },
    "photo_id": {
      "$id": "/properties/photo",
      "type": "uuid",
      "title": "The Photo Schema ",
      "default": "",
      "examples": [
        "45ab-678a-123b-543z"
      ]
    },
    "admin": {
      "$id": "/properties/admin",
      "type": "boolean",
      "minLength": 4,
      "maxLength": 5,
      "title": "The admin Schema ",
      "default": false,
      "examples": [false]
    },
    "city": {
      "$id": "/properties/city",
      "type": "string",
      "maxLength": 60,
      "default": "",
      "title": "The State Schema ",
      "examples": ["Seattle"]
    },
    "state": {
      "$id": "/properties/state",
      "type": "string",
      "maxLength": 60,
      "default": "",
      "title": "The State Schema ",
      "examples": ["WA"]
    },
    "country": {
      "$id": "/properties/country",
      "type": "string",
      "maxLength": 60,
      "default": "",
      "title": "The Country Schema ",
      "examples": ["usa"]
    }
  },
  "required": ["username", "password", "first_name", "last_name", "email"]
}
