{
  "$id": "521ed6f9-5cfc-4704-83a9-674f629867b5",
  "type": "object",
  "additionalProperties": false,
  "properties": {
    "first_name": {
      "$id": "/properties/first_name",
      "type": "string",
      "title": "The First_name Schema ",      
      "minLength": 3,
      "maxLength": 55,
      "examples": ["FName"]
    },
    "last_name": {
      "$id": "/properties/last_name",
      "type": "string",
      "title": "The Last_name Schema ",
      "minLength": 3,
      "maxLength": 55,
      "examples": ["LName"]
    },
    "email": {
      "$id": "/properties/email",
      "type": "string",
      "minLength": 6,
      "maxLength": 60,
      "title": "The Email Schema ",
      "examples": ["name@name.com"]
    },
    "_token": {
      "$id": "/properties/token",
      "type": "string",
      "title": "The Token Schema ",
      "examples": ["foo123"]
    },
    "city": {
      "$id": "/properties/city",
      "type": "string",
      "default": "",
      "maxLength": 60,
      "title": "The City Schema ",
      "examples": ["Seattle"]
    },
    "state": {
      "$id": "/properties/state",
      "type": "string",
      "default": "",
      "maxLength": 60,
      "title": "The State Schema ",
      "examples": ["WA"]
    },
    "country": {
      "$id": "/properties/country",
      "type": "string",
      "default": "",
      "maxLength": 60,
      "title": "The Country Schema ",
      "examples": ["usa"]
    },
    "photo_id": {
      "$id": "/properties/photo",
      "type": "uuid",
      "title": "The Photo Schema ",
      "default": "",
      "examples": [
        "45ab-678a-123b-543z"
      ]
    }
  },
  "required": ["first_name", "last_name", "email"]
}
